date,rank_ic
2019-01-02,
2019-01-03,
2019-01-04,
2019-01-07,
2019-01-08,
2019-01-09,
2019-01-10,
2019-01-11,
2019-01-14,
2019-01-15,
2019-01-16,
2019-01-17,
2019-01-18,
2019-01-21,
2019-01-22,
2019-01-23,
2019-01-24,
2019-01-25,
2019-01-28,
2019-01-29,
2019-01-30,
2019-01-31,
2019-02-01,
2019-02-11,
2019-02-12,
2019-02-13,0.17637885099352746
2019-02-14,0.1220064047926899
2019-02-15,0.37865325856479487
2019-02-18,-0.219108262607076
2019-02-19,-0.030513739465790012
2019-02-20,0.09335479806857912
2019-02-21,0.2809978859621433
2019-02-22,-0.0792673376311464
2019-02-25,-0.2077005093905742
2019-02-26,-0.2663976091335525
2019-02-27,0.1780946858369348
2019-02-28,0.22268469298370064
2019-03-01,-0.1270606516955567
2019-03-04,0.22682985259914085
2019-03-05,-0.01396366895605384
2019-03-06,-0.30066852186894055
2019-03-07,0.03705529989233609
2019-03-08,0.17905373351953674
2019-03-11,-0.14308724093079891
2019-03-12,-0.29863277224757956
2019-03-13,-0.009268057703165333
2019-03-14,-0.052950178705730246
2019-03-15,0.0779206794843426
2019-03-18,-0.12303912520155219
2019-03-19,0.11301488677896428
2019-03-20,0.11079037462783484
2019-03-21,-0.4291856935688887
2019-03-22,-0.05731122211100217
2019-03-25,-0.08945446162397583
2019-03-26,-0.16718452269799317
2019-03-27,0.005321421810347158
2019-03-28,0.5131692995128517
2019-03-29,0.27241977151740737
2019-04-01,-0.13598847644558587
2019-04-02,0.1784218310756351
2019-04-03,0.027087715646659627
2019-04-04,-0.2229036503889292
2019-04-08,-0.06041251474579829
2019-04-09,-0.07786636735304396
2019-04-10,-0.15545199209445468
2019-04-11,0.20700574366438806
2019-04-12,-0.3982207951728919
2019-04-15,0.16373155876157997
2019-04-16,0.04282584499728413
2019-04-17,-0.10185303085302846
2019-04-18,0.034975241121894936
2019-04-19,-0.20735786259837996
2019-04-22,0.01486725760521106
2019-04-23,0.11930997122045704
2019-04-24,-0.4123326911749569
2019-04-25,0.09071850103059659
2019-04-26,-0.2301703092631961
2019-04-29,-0.42050116713177
2019-04-30,-0.15354683754274506
2019-05-06,-0.22937943012412443
2019-05-07,0.13744328913911755
2019-05-08,0.24242779023079428
2019-05-09,0.2408171275146789
2019-05-10,-0.16926263568729513
2019-05-13,0.34305178763556116
2019-05-14,0.2582349735117565
2019-05-15,-0.13405582851239453
2019-05-16,-0.3781898160806068
2019-05-17,-0.2947371929017556
2019-05-20,0.32725672533950206
2019-05-21,-0.16847611606690194
2019-05-22,-0.3775135437475165
2019-05-23,-0.05801232596809154
2019-05-24,0.4085008539366736
2019-05-27,-0.19054994320381946
2019-05-28,-0.04438284718916314
2019-05-29,-0.17400405635234464
2019-05-30,-0.08880717581298221
2019-05-31,-0.23710946544867648
2019-06-03,0.03244687752382055
2019-06-04,-0.2941279625388061
2019-06-05,-0.3067785438038795
2019-06-06,0.171622803788693
2019-06-10,0.5142015268578143
2019-06-11,-0.09800728153194106
2019-06-12,0.013863978568348428
2019-06-13,-0.42600314508727577
2019-06-14,-0.09812494385734805
2019-06-17,0.30194969662832477
2019-06-18,-0.25157732541955985
2019-06-19,0.3149807221701855
2019-06-20,0.17363176579834225
2019-06-21,-0.03450121365827104
2019-06-24,-0.2027099875838911
2019-06-25,0.21112198145426925
2019-06-26,0.20694854378853667
2019-06-27,0.2634958709030288
2019-06-28,0.172721832585817
2019-07-01,-0.12423268157013437
2019-07-02,-0.33177655031652264
2019-07-03,-0.32956998714937413
2019-07-04,0.06111647195445954
2019-07-05,-0.18502288760034538
2019-07-08,0.20627907462765166
2019-07-09,0.06524052599649863
2019-07-10,-0.23247281923289528
2019-07-11,-0.05848748442656609
2019-07-12,0.26328242367978666
2019-07-15,0.08659166561606914
2019-07-16,0.053409770712037445
2019-07-17,-0.1817707155912716
2019-07-18,-0.0347437555933212
2019-07-19,-0.15323497268289818
2019-07-22,0.18356877437574676
2019-07-23,0.22697168927465466
2019-07-24,0.08753975946264694
2019-07-25,0.0390998575405225
2019-07-26,0.08680473877502767
2019-07-29,-0.005084976495542625
2019-07-30,0.012928613989370384
2019-07-31,-0.22946523914130057
2019-08-01,0.33252200708768065
2019-08-02,-0.20298097164909026
2019-08-05,0.27550519238666465
2019-08-06,-0.20078239774729698
2019-08-07,0.13752708824231408
2019-08-08,-0.168688981789032
2019-08-09,0.23340292500115392
2019-08-12,0.22933837395495146
2019-08-13,-0.3471062872198319
2019-08-14,0.47202139478184396
2019-08-15,0.16068173917238265
2019-08-16,0.1564943296446716
2019-08-19,-0.0695507301430672
2019-08-20,0.1633969154885057
2019-08-21,-0.11532696450221368
2019-08-22,-0.1767416907069902
2019-08-23,0.2719483354828093
2019-08-26,-0.027817711429277792
2019-08-27,-0.021609234782605666
2019-08-28,0.04208854148555669
2019-08-29,-0.12380406157577509
2019-08-30,0.21544652942295783
2019-09-02,0.18373632258523473
2019-09-03,-0.1530297464955529
2019-09-04,-0.033018738331309604
2019-09-05,-0.012592317115362413
2019-09-06,0.19914086323344726
2019-09-09,-0.23225143607266618
2019-09-10,-0.23136747335781133
2019-09-11,-0.01815459811335732
2019-09-12,-0.03269656289402983
2019-09-16,-0.08234680380086314
2019-09-17,-0.1452063449175625
2019-09-18,0.3017080110467897
2019-09-19,-0.09984305442167933
2019-09-20,0.09638664695207047
2019-09-23,-0.10074786090832201
2019-09-24,-0.28142589606117957
2019-09-25,-0.515828888548161
2019-09-26,0.19493620551196997
2019-09-27,-0.2908588867724266
2019-09-30,-0.19811611769062967
2019-10-08,0.22517490981923075
2019-10-09,0.3084767488646906
2019-10-10,-0.1635523380565858
2019-10-11,-0.12035926122602171
2019-10-14,-0.3139444782214981
2019-10-15,-0.13253295005893412
2019-10-16,-0.08515646858391233
2019-10-17,-0.12114442558224967
2019-10-18,-0.13068635812637017
2019-10-21,0.28058408918389854
2019-10-22,-0.18044311186126277
2019-10-23,-0.09234795705508561
2019-10-24,0.25727570677099726
2019-10-25,0.30170422171450645
2019-10-28,-0.16593582194561265
2019-10-29,0.1861855128807548
2019-10-30,-0.14606969235033535
2019-10-31,0.1703451139586216
2019-11-01,0.2269355491936485
2019-11-04,0.06360490151205962
2019-11-05,-0.24870447924989111
2019-11-06,0.22971852684436628
2019-11-07,-0.13754669364597105
2019-11-08,0.057845556278247945
2019-11-11,0.14608140027333136
2019-11-12,0.29002176015605535
2019-11-13,0.11642452507087551
2019-11-14,-0.14673410133094725
2019-11-15,0.04700824414460436
2019-11-18,0.298877270576104
2019-11-19,-0.1149785203267318
2019-11-20,0.054515735354329395
2019-11-21,-0.3178694742237413
2019-11-22,-0.30116754215223523
2019-11-25,0.042724785171580244
2019-11-26,0.1522582981582287
2019-11-27,0.017355767666684296
2019-11-28,-0.015656108297929155
2019-11-29,0.060335160022157025
2019-12-02,0.020368211980436538
2019-12-03,0.11747724685258204
2019-12-04,0.19469550825569168
2019-12-05,0.1965177920190062
2019-12-06,-0.06526695058332999
2019-12-09,0.16475657548373038
2019-12-10,-0.2056825624487435
2019-12-11,0.11948694065613483
2019-12-12,-0.10339381998421104
2019-12-13,0.2218443852333596
2019-12-16,-0.1772796267545923
2019-12-17,-0.08661862438510964
2019-12-18,-0.14605353725153772
2019-12-19,-0.35737446462921657
2019-12-20,0.05798698176796048
2019-12-23,0.29403866708860316
2019-12-24,0.1633587664142671
2019-12-25,0.023083544068267545
2019-12-26,-0.2889982709515727
2019-12-27,0.09030887727690273
2019-12-30,0.02421891624476208
2019-12-31,0.1949561321968821
2020-01-02,-0.11749297677754708
2020-01-03,0.2838341977583549
2020-01-06,-0.03934791359682142
2020-01-07,0.08662048040992389
2020-01-08,0.10143320840423428
2020-01-09,-0.15288931083350416
2020-01-10,0.3958097362270437
2020-01-13,-0.2706826717040723
2020-01-14,0.15787708267943776
2020-01-15,0.14419792684900729
2020-01-16,-0.06761813728749143
2020-01-17,0.191016122777368
2020-01-20,-0.12893033615495558
2020-01-21,0.31170041966150097
2020-01-22,-0.019676938168556323
2020-01-23,-0.14230349555503718
2020-02-03,0.44764259834357756
2020-02-04,-0.08563374488607184
2020-02-05,0.3614629990828791
2020-02-06,0.09399897234595558
2020-02-07,0.2335305352194623
2020-02-10,-0.0366671652013887
2020-02-11,0.2687462078999173
2020-02-12,0.043459759204785016
2020-02-13,-0.03263969173064628
2020-02-14,0.1940438084517897
2020-02-17,0.20142144953433064
2020-02-18,-0.24448118751861223
2020-02-19,-0.001005315117452822
2020-02-20,0.006949615380390558
2020-02-21,-0.029869764918889007
2020-02-24,0.18960041537597896
2020-02-25,-0.17463321584876104
2020-02-26,-0.44644740526822135
2020-02-27,0.09485924425533078
2020-02-28,0.22343446652790772
2020-03-02,-0.3226720170467515
2020-03-03,0.18568253579182886
2020-03-04,-0.47292713236514433
2020-03-05,-0.03166953455546861
2020-03-06,-0.42415600415927107
2020-03-09,0.5651835869599825
2020-03-10,-0.620152410575374
2020-03-11,-0.22851436524622404
2020-03-12,0.6135051709755387
2020-03-13,-0.44883098298564267
2020-03-16,0.031057425414257298
2020-03-17,-0.14241905971546648
2020-03-18,0.5022000676177515
2020-03-19,-0.5572651651221959
2020-03-20,-0.3054524256741024
2020-03-23,-0.09091453670200837
2020-03-24,-0.07413080772296453
2020-03-25,-0.055587117414188016
2020-03-26,-0.3417443402240887
2020-03-27,0.09601801351479469
2020-03-30,-0.09789997704187105
2020-03-31,0.10846907875734749
2020-04-01,0.3352311428820057
2020-04-02,0.12217718296964356
2020-04-03,-0.09072098846789094
2020-04-07,0.14156336441958908
2020-04-08,0.05697069778281108
2020-04-09,-0.34629815236796957
2020-04-10,0.1535944127481624
2020-04-13,0.2999644145281989
2020-04-14,-0.013591635444126294
2020-04-15,0.25836996992664746
2020-04-16,-0.011846969154325876
2020-04-17,0.1631902242083182
2020-04-20,-0.148035507313239
2020-04-21,0.3298920109148458
2020-04-22,-0.20361217176299187
2020-04-23,-0.10425625852203625
2020-04-24,-0.08045357202615165
2020-04-27,0.1492097405631228
2020-04-28,0.07329920075990036
2020-04-29,0.3618677134682569
2020-04-30,0.41455241743924615
2020-05-06,-0.000677458920733671
2020-05-07,0.03824953107180849
2020-05-08,-0.12727325691112104
2020-05-11,0.21188293872538624
2020-05-12,0.11318917486306813
2020-05-13,0.037436294615987874
2020-05-14,0.06864691090259109
2020-05-15,-0.20683548453798015
2020-05-18,0.3095503045454008
2020-05-19,-0.16633826468638868
2020-05-20,-0.320426213063442
2020-05-21,-0.3368743184614349
2020-05-22,0.06648250067314668
2020-05-25,0.3877828583805481
2020-05-26,-0.40244100682004486
2020-05-27,-0.20744319941449296
2020-05-28,0.3050283882965194
2020-05-29,0.45929409578793545
2020-06-01,-0.2706702837460571
2020-06-02,-0.07101854224593392
2020-06-03,0.08290643368274293
2020-06-04,0.180646082500541
2020-06-05,-0.1003907224210582
2020-06-08,-0.01164788413115093
2020-06-09,0.27822396417014333
2020-06-10,-0.18005598071798784
2020-06-11,0.15859751799263935
2020-06-12,-0.045298837251049204
2020-06-15,0.11917233530516455
2020-06-16,-0.17693480020994798
2020-06-17,0.11525778570299941
2020-06-18,0.2014637547045293
2020-06-19,0.14888003593354923
2020-06-22,0.20261800798095328
2020-06-23,-0.13089929921203106
2020-06-24,0.14282492359709373
2020-06-29,0.3025558856603075
2020-06-30,-0.210913114671335
2020-07-01,-0.20912192366305715
2020-07-02,-0.17871081589470636
2020-07-03,-0.10049476811416909
2020-07-06,0.020391392594456687
2020-07-07,0.15926236235106933
2020-07-08,0.0005419025917045225
2020-07-09,0.05535572136691316
2020-07-10,0.033777045159961896
2020-07-13,0.06399610925121953
2020-07-14,-0.34010647095632046
2020-07-15,-0.036782430079384226
2020-07-16,-0.03692968404250057
2020-07-17,-0.08084274837848324
2020-07-20,-0.1915714721357739
2020-07-21,-0.05608314638800433
2020-07-22,0.06926588228937479
2020-07-23,-0.33311830783803814
2020-07-24,0.09674288481573434
2020-07-27,-0.07278277298560394
2020-07-28,0.3949806147103598
2020-07-29,-0.20258287726833632
2020-07-30,0.327302935394126
2020-07-31,0.049143418889978044
2020-08-03,-0.3380438615881223
2020-08-04,0.24327477132643335
2020-08-05,0.017566112968807533
2020-08-06,-0.28543999883809645
2020-08-07,-0.1502326946156238
2020-08-10,-0.2820653413227392
2020-08-11,-0.2752894637365798
2020-08-12,-0.2850172694432893
2020-08-13,0.20526867158515982
2020-08-14,0.02143023954103208
2020-08-17,0.11697308232946259
2020-08-18,-0.5161328420188529
2020-08-19,0.04463750565575961
2020-08-20,-0.01904564625351586
2020-08-21,0.1013146309307059
2020-08-24,-0.32156331064754784
2020-08-25,-0.2729216917106787
2020-08-26,0.328616772298851
2020-08-27,0.22289632972268955
2020-08-28,-0.1236138872996183
2020-08-31,0.21740106319308278
2020-09-01,-0.22483560656797125
2020-09-02,-0.30304339301893507
2020-09-03,0.3073728269067733
2020-09-04,-0.34431345894890797
2020-09-07,-0.23382323672345393
2020-09-08,-0.03630266383283817
2020-09-09,-0.00816375259559183
2020-09-10,0.44277414369720836
2020-09-11,-0.06984900348442594
2020-09-14,0.15469231201797348
2020-09-15,-0.1594125460246642
2020-09-16,0.11143100142401634
2020-09-17,-0.01915813196928737
2020-09-18,-0.21302450516740573
2020-09-21,0.09971858883966234
2020-09-22,0.12396051447081295
2020-09-23,-0.0313517380882623
2020-09-24,0.03940320088618235
2020-09-25,0.04986198468433969
2020-09-28,0.06987488543638178
2020-09-29,0.2796421616981937
2020-09-30,0.15477902040327993
2020-10-09,0.06392644851366577
2020-10-12,0.1351792518820419
2020-10-13,0.005140046874210568
2020-10-14,-0.19157858282773946
2020-10-15,-0.24647769741004288
2020-10-16,-0.24796890406090988
2020-10-19,0.39672491669503557
2020-10-20,-0.4622199656076774
2020-10-21,0.012214832906698296
2020-10-22,-0.45406316378593903
2020-10-23,0.355160728168276
2020-10-26,0.3067692817534348
2020-10-27,0.08115016775341954
2020-10-28,0.3117249802019006
2020-10-29,-0.0347905505224734
2020-10-30,0.3501160845070334
2020-11-02,-0.1715856572541037
2020-11-03,0.18358472603127762
2020-11-04,0.12230512437521263
2020-11-05,-0.15028220878101722
2020-11-06,-0.020071058466867325
2020-11-09,-0.13138846169194604
2020-11-10,-0.3343801363327917
2020-11-11,0.12263488074041293
2020-11-12,0.10928851474301607
2020-11-13,-0.08844013908065643
2020-11-16,-0.25982972534071325
2020-11-17,-0.18275233917518008
2020-11-18,0.11412824014384637
2020-11-19,0.2415964615943069
2020-11-20,0.023101179918522712
2020-11-23,-0.005785525827720389
2020-11-24,-0.22922603697996277
2020-11-25,-0.19097255722957282
2020-11-26,-0.2275229274881835
2020-11-27,0.1832182075677554
2020-11-30,0.0066517616803657845
2020-12-01,-0.06226547297449704
2020-12-02,-0.24862021599130732
2020-12-03,0.37078758017585384
2020-12-04,0.07927998465553035
2020-12-07,0.09671037263632118
2020-12-08,-0.13463960316721038
2020-12-09,0.28580430107718524
2020-12-10,-0.015433044460707103
2020-12-11,0.16414487356827048
2020-12-14,0.09246811302609605
2020-12-15,-0.09268458094116598
2020-12-16,0.12931774301392163
2020-12-17,0.11948042924327139
2020-12-18,0.17868179107645119
2020-12-21,-0.12607205898206095
2020-12-22,0.3590874511462606
2020-12-23,-0.037235787328462173
2020-12-24,0.18610830477024104
2020-12-25,0.01950697387816351
2020-12-28,-0.3214676649211806
2020-12-29,0.2979782907237387
2020-12-30,0.10899373282165419
2020-12-31,0.32132826178952434
2021-01-04,0.10803291124538807
2021-01-05,-0.2553295200633287
2021-01-06,0.26439792890404595
2021-01-07,-0.018209398953476924
2021-01-08,-0.12554607682857463
2021-01-11,0.2481249466537859
2021-01-12,-0.2385073120436212
2021-01-13,-0.3314275367244089
2021-01-14,0.01045225799776164
2021-01-15,0.2402049876117942
2021-01-18,-0.2888575750994201
2021-01-19,0.3628098413987212
2021-01-20,0.31058784488060903
2021-01-21,0.2141346106541797
2021-01-22,0.07733068629895022
2021-01-25,-0.17574949989260272
2021-01-26,-0.17909666933307722
2021-01-27,-0.06832938120681849
2021-01-28,-0.23770478629810743
2021-01-29,0.1273496068070398
2021-02-01,0.21404795204467958
2021-02-02,0.015299648215624325
2021-02-03,0.0801838945851503
2021-02-04,-0.3563837011464266
2021-02-05,0.32807717520024693
2021-02-08,0.42897431271525194
2021-02-09,0.3066316072858956
2021-02-10,-0.24354739714753895
2021-02-18,-0.1851948658815348
2021-02-19,-0.3192631951827928
2021-02-22,0.09424072249612388
2021-02-23,-0.25773401004822116
2021-02-24,-0.5504594707444722
2021-02-25,0.19632006154980747
2021-02-26,0.37254382941251646
2021-03-01,-0.2076351352086969
2021-03-02,-0.18862014995898688
2021-03-03,-0.5697912111560749
2021-03-04,0.2952328624307755
2021-03-05,-0.5644736229384146
2021-03-08,0.09515985466516162
2021-03-09,0.08210531012510161
2021-03-10,0.5318197454308095
2021-03-11,-0.2385925022223425
2021-03-12,-0.2358285175692674
2021-03-15,-0.20675842024182028
2021-03-16,0.4303805329937978
2021-03-17,-0.1588218109673272
2021-03-18,0.002875494668455974
2021-03-19,-0.13790622000799363
2021-03-22,-0.4559567403586522
2021-03-23,-0.41112906135526006
2021-03-24,0.407149861818351
2021-03-25,0.49898489226947645
2021-03-26,-0.13231992335393777
2021-03-29,0.28592240919596495
2021-03-30,-0.17837714715191794
2021-03-31,0.3285868630091007
2021-04-01,0.21821184119053397
2021-04-02,0.00990844053571
2021-04-06,-0.06086500370992114
2021-04-07,0.1340362208560548
2021-04-08,-0.21869080825973927
2021-04-09,-0.3812460996609545
2021-04-12,0.14136295114224068
2021-04-13,0.3533246935968804
2021-04-14,0.1791017451798024
2021-04-15,-0.259663689060906
2021-04-16,0.3284321167202337
2021-04-19,0.057618064527985194
2021-04-20,0.2770984918018207
2021-04-21,0.04909721286448554
2021-04-22,0.3400229187482164
2021-04-23,0.05827910085468193
2021-04-26,0.0717403994153297
2021-04-27,0.3439957491511168
2021-04-28,-0.2194909000558852
2021-04-29,0.09220616443283883
2021-04-30,0.004214992028603323
2021-05-06,-0.2999806754100179
2021-05-07,0.08708589290553286
2021-05-10,-0.031613379433586754
2021-05-11,-0.07657474371860361
2021-05-12,-0.0072336914623677305
2021-05-13,0.03444084309860699
2021-05-14,0.33115402137066713
2021-05-17,-0.18510839744059987
2021-05-18,0.10612421580163515
2021-05-19,0.09050131560160905
2021-05-20,0.015501382903687404
2021-05-21,0.049359761769889376
2021-05-24,0.17983383019273944
2021-05-25,-0.16072595139328008
2021-05-26,0.19296089307375125
2021-05-27,0.017246417386762056
2021-05-28,0.1796324062870601
2021-05-31,0.14972467337543918
2021-06-01,-0.32960870119667274
2021-06-02,-0.40342164445930073
2021-06-03,0.26225514448918796
2021-06-04,0.03919946014691396
2021-06-07,-0.11469407807233026
2021-06-08,0.16825384287994286
2021-06-09,0.1965946757353784
2021-06-10,-0.054055198375940125
2021-06-11,-0.011919593653882088
2021-06-15,-0.4377963589093893
2021-06-16,0.3101249206888793
2021-06-17,0.17752498879874545
2021-06-18,0.2175025232832268
2021-06-21,-0.05964377753750924
2021-06-22,0.19193624666579095
2021-06-23,-0.10821405480566187
2021-06-24,0.05644133122261084
2021-06-25,0.158938125560059
2021-06-28,-0.0003748216681555901
2021-06-29,0.1457262914686905
2021-06-30,-0.2714213001456561
2021-07-01,0.06786790754678391
2021-07-02,0.3599515528948531
2021-07-05,-0.4106532107411684
2021-07-06,0.39596088577362837
2021-07-07,0.030049955353245762
2021-07-08,0.03890641612591272
2021-07-09,0.12792398231865032
2021-07-12,-0.16953896171790486
2021-07-13,-0.01556102312226782
2021-07-14,0.20260418862364835
2021-07-15,-0.12576484192430837
2021-07-16,-0.044587869582734065
2021-07-19,0.2950695925271696
2021-07-20,0.329628693807066
2021-07-21,-0.019502856405090935
2021-07-22,-0.10068249889066726
2021-07-23,-0.051726252007683333
2021-07-26,-0.38006569371535054
2021-07-27,0.3971362518952497
2021-07-28,0.2948284311224647
2021-07-29,0.045253880489984216
2021-07-30,-0.02612549455294381
2021-08-02,-0.23397267273471867
2021-08-03,0.3247958941524957
2021-08-04,0.06284210720946472
2021-08-05,-0.13226126636747151
2021-08-06,-0.12704131705921295
2021-08-09,-0.03262701684782828
2021-08-10,-0.1438935692299709
2021-08-11,0.045194500907732735
2021-08-12,-0.19336718666130742
2021-08-13,-0.2511672214536283
2021-08-16,-0.29460337684288457
2021-08-17,-0.34976771426664005
2021-08-18,0.09203873523383864
2021-08-19,0.09251061621301289
2021-08-20,0.28742943762248957
2021-08-23,0.1684181401990447
2021-08-24,0.007449893107249803
2021-08-25,-0.2973247174621883
2021-08-26,0.21345727522703423
2021-08-27,-0.002689467398995448
2021-08-30,-0.1028385912337711
2021-08-31,-0.42704087049197825
2021-09-01,-0.014693927639267648
2021-09-02,-0.19922147638311555
2021-09-03,0.09864018576008642
2021-09-06,0.07119932466404755
2021-09-07,-0.3132233145811431
2021-09-08,0.0037326468410369697
2021-09-09,0.1443878218620956
2021-09-10,-0.16068948306775319
2021-09-13,0.2606184614742245
2021-09-14,-0.007034557834591152
2021-09-15,-0.3304052770966653
2021-09-16,0.03029648017931294
2021-09-17,0.3407283370482493
2021-09-22,-0.24255120035511224
2021-09-23,-0.1053823762929798
2021-09-24,-0.35008106381505966
2021-09-27,-0.05183701846722176
2021-09-28,-0.2018454169609278
2021-09-29,0.38830724587914656
2021-09-30,-0.5156234732094176
2021-10-08,-0.20876510140690532
2021-10-11,-0.22217879307374855
2021-10-12,-0.013058478889673562
2021-10-13,0.19945374422990467
2021-10-14,0.2512454387901879
2021-10-15,0.35877032687689725
2021-10-18,-0.1777273993924635
2021-10-19,0.3624049782642799
2021-10-20,-0.17786864955821632
2021-10-21,-0.32382296928019433
2021-10-22,0.32583631622746184
2021-10-25,-0.18761339974500812
2021-10-26,0.16220362700491636
2021-10-27,-0.18880123024927756
2021-10-28,-0.14790216078778817
2021-10-29,-0.12621125164709945
2021-11-01,-0.033539552002564366
2021-11-02,0.057938855713615484
2021-11-03,-0.01852082164281449
2021-11-04,-0.3313555916985898
2021-11-05,0.17637365651441428
2021-11-08,-0.21741033125664486
2021-11-09,-0.20593874671365225
2021-11-10,-0.11582447548858066
2021-11-11,-0.05911531440852019
2021-11-12,-0.1894099153143474
2021-11-15,-0.05862687573519685
2021-11-16,0.3207262463269454
2021-11-17,0.12014792772832658
2021-11-18,0.07017740066323382
2021-11-19,0.10439536223352558
2021-11-22,-0.07582318840879494
2021-11-23,-0.11602756679609463
2021-11-24,-0.15368762025417404
2021-11-25,-0.04559465358628613
2021-11-26,0.3526253051465299
2021-11-29,-0.16731379952666858
2021-11-30,-0.22467862924597104
2021-12-01,-0.08754380728834711
2021-12-02,0.01756162401075915
2021-12-03,-0.0644183491037068
2021-12-06,-0.29422082177587766
2021-12-07,0.26881889463801234
2021-12-08,-0.3077758057427252
2021-12-09,0.09210338856541
2021-12-10,0.13600217040180246
2021-12-13,-0.12247048771366659
2021-12-14,-0.019529299676037455
2021-12-15,0.041141166212154245
2021-12-16,-0.3051480859891141
2021-12-17,-0.267891214915931
2021-12-20,0.1413000310228852
2021-12-21,0.08496435025541293
2021-12-22,0.17216356498724258
2021-12-23,-0.23230063629201578
2021-12-24,-0.012116174002128879
2021-12-27,-0.13139367953538783
2021-12-28,-0.09456836841068962
2021-12-29,0.18137449169889414
2021-12-30,0.1572588184759699
2021-12-31,-0.4311771945182983
2022-01-04,-0.4845389037574511
2022-01-05,0.1941410190478098
2022-01-06,-0.41589452007292044
2022-01-07,0.03236992765896782
2022-01-10,-0.16418030251455212
2022-01-11,0.12678562303179589
2022-01-12,-0.4281785457627102
2022-01-13,0.3652534783898766
2022-01-14,0.10554876488410754
2022-01-17,0.08400025635807222
2022-01-18,-0.37714296919346585
2022-01-19,-0.25933623558488583
2022-01-20,-0.178607830198089
2022-01-21,0.4337129386077646
2022-01-24,0.008975062329795268
2022-01-25,0.05170628275134108
2022-01-26,-0.07470933765508463
2022-01-27,-0.19000535019458
2022-01-28,-0.06542083615192243
2022-02-07,-0.3842649491784517
2022-02-08,0.15504833200618404
2022-02-09,-0.10784691742570618
2022-02-10,-0.17117454925660805
2022-02-11,0.17145097852262595
2022-02-14,0.18556305416887664
2022-02-15,-0.07198083711840711
2022-02-16,0.2143681470104354
2022-02-17,0.1604178916238753
2022-02-18,-0.1493398084842251
2022-02-21,0.2185564354583919
2022-02-22,0.045527562217413976
2022-02-23,0.21473938821512142
2022-02-24,-0.03390381882289976
2022-02-25,0.24784164519918178
2022-02-28,-0.06521790997449448
2022-03-01,-0.03665840071998844
2022-03-02,-0.20158663878815677
2022-03-03,0.19966718854893398
2022-03-04,-0.05651841465248473
2022-03-07,-0.0020787383043885037
2022-03-08,0.2534972149303769
2022-03-09,-0.01931151263003279
2022-03-10,-0.22267423503325068
2022-03-11,-0.3248728052720616
2022-03-14,0.21155530107016488
2022-03-15,0.07369089378611866
2022-03-16,-0.03416988341040982
2022-03-17,-0.056171134265649854
2022-03-18,0.07581957539253589
2022-03-21,-0.10739296375347458
2022-03-22,0.018219717087291438
2022-03-23,0.05653820571919324
2022-03-24,-0.16681277926499302
2022-03-25,0.0698662047952226
2022-03-28,0.06669148124671599
2022-03-29,0.04950224897762165
2022-03-30,-0.1281524975877566
2022-03-31,0.14906989945397844
2022-04-01,-0.2471931843773509
2022-04-06,0.04076526533377241
2022-04-07,-0.02315240454454794
2022-04-08,-0.11626155136471476
2022-04-11,0.03694534374411711
2022-04-12,0.18062292631322907
2022-04-13,0.12158611506745909
2022-04-14,-0.11616541957983557
2022-04-15,0.05511162134980492
2022-04-18,-0.14134451443451385
2022-04-19,-0.2420940933017277
2022-04-20,-0.2636231872043091
2022-04-21,-0.11213308420227834
2022-04-22,-0.04671893795417408
2022-04-25,-0.07059437881614632
2022-04-26,0.5050731688174728
2022-04-27,0.11474026293056426
2022-04-28,0.2624407139259137
2022-04-29,-0.18049553633536955
2022-05-05,0.17402201584228363
2022-05-06,-0.17276816223811603
2022-05-09,0.33472193261014643
2022-05-10,0.3296658313422751
2022-05-11,0.1267121210765929
2022-05-12,-0.05116978375612194
2022-05-13,-0.08862253456183589
2022-05-16,0.42886543652034287
2022-05-17,-0.23344640632060545
2022-05-18,0.46772520700932585
2022-05-19,-0.008524543071739754
2022-05-20,0.0037471796501744536
2022-05-23,-0.3088958256201373
2022-05-24,0.05247411188916825
2022-05-25,0.031307488903823476
2022-05-26,-0.06728092963213396
2022-05-27,0.18468480327097053
2022-05-30,0.041473105042949314
2022-05-31,0.127285487344905
2022-06-01,0.2323993656800937
2022-06-02,0.34817368937659837
2022-06-06,-0.11786005649721452
2022-06-07,0.016419855619527683
2022-06-08,-0.42309653270897346
2022-06-09,0.14041053904281545
2022-06-10,0.0415799429322561
2022-06-13,-0.18191898031962161
2022-06-14,-0.3202797722938737
2022-06-15,0.1485673849238765
2022-06-16,0.3053740704793949
2022-06-17,-0.0998703384758747
2022-06-20,-0.1327398764475064
2022-06-21,-0.17616330605039265
2022-06-22,0.20234706135300662
2022-06-23,0.17737658656128802
2022-06-24,0.007672161685051513
2022-06-27,-0.005180444975095283
2022-06-28,-0.3766828618332477
2022-06-29,0.05067543555167047
2022-06-30,-0.05789554372337941
2022-07-01,0.1489114175376885
2022-07-04,-0.22419429283740988
2022-07-05,0.09965046030951215
2022-07-06,0.21971729172339455
2022-07-07,-0.36515836931229545
2022-07-08,-0.20722856099970338
2022-07-11,-0.2821535763517622
2022-07-12,0.0884613379757622
2022-07-13,0.27922828811578726
2022-07-14,0.18907694943481
2022-07-15,-0.051927371224906003
2022-07-18,-0.21625470080179396
2022-07-19,-0.1429343282025093
2022-07-20,-0.12054349692227873
2022-07-21,-0.1401003713249407
2022-07-22,-0.1898004580515019
2022-07-25,0.03515492493494428
2022-07-26,0.254341774747248
2022-07-27,-0.1738912444055005
2022-07-28,-0.1025133137975184
2022-07-29,0.21906833770887466
2022-08-01,0.17523810385149785
2022-08-02,-0.19729243899198726
2022-08-03,-0.19163565727951035
2022-08-04,-0.11858683130187525
2022-08-05,0.07645239955127446
2022-08-08,0.1134224794565695
2022-08-09,-0.1015242735428414
2022-08-10,-0.12184695962196544
2022-08-11,-0.33956495063264186
2022-08-12,0.12645551757483053
2022-08-15,-0.1907000635920134
2022-08-16,-0.027128220576986148
2022-08-17,0.23231584093801144
2022-08-18,-0.4737979208902638
2022-08-19,0.1137951837139694
2022-08-22,-0.005039716907930755
2022-08-23,-0.4575329121730404
2022-08-24,-0.17288779464039078
2022-08-25,-0.4060181820447834
2022-08-26,0.28037492246231344
2022-08-29,-0.26726680944111275
2022-08-30,-0.32321938622672314
2022-08-31,-0.09704928459019378
2022-09-01,0.07961525337059139
2022-09-02,-0.04326295524241585
2022-09-05,0.1504974320474512
2022-09-06,0.25665521822044823
2022-09-07,-0.21614874363280703
2022-09-08,-0.05088352173412966
2022-09-09,-0.3019244692916847
2022-09-13,0.29274112983158584
2022-09-14,-0.49795559193169237
2022-09-15,0.036355550635635774
2022-09-16,0.2546156026112076
2022-09-19,-0.00014712306149929666
2022-09-20,-0.1704362596377316
2022-09-21,0.11662270822637409
2022-09-22,-0.3738577879835451
2022-09-23,0.34281147733095224
2022-09-26,-0.0360601138281671
2022-09-27,-0.21677927307932068
2022-09-28,0.17819166020944785
2022-09-29,-0.23214418265710016
2022-09-30,-0.16914427311395988
2022-10-10,-0.04160180759042023
2022-10-11,-0.016771119645235397
2022-10-12,0.21620443963240815
2022-10-13,0.006298340397408645
2022-10-14,0.0223543460995916
2022-10-17,-0.0843936655171824
2022-10-18,-0.09959028117349103
2022-10-19,-0.011740383123686984
2022-10-20,0.04351808371579053
2022-10-21,0.0462539719678127
2022-10-24,0.11105107486799078
2022-10-25,0.24144460687299604
2022-10-26,-0.24696322460197073
2022-10-27,-0.09722295687226436
2022-10-28,0.15920806937696044
2022-10-31,0.18124525263838104
2022-11-01,0.16100449073936243
2022-11-02,0.24882834538012027
2022-11-03,0.2129748412380225
2022-11-04,-0.09099617448997052
2022-11-07,-0.1949361922803741
2022-11-08,-0.34825588544738617
2022-11-09,0.10707739921332061
2022-11-10,-0.3891445951401986
2022-11-11,-0.07025556243792799
2022-11-14,0.24388205517128797
2022-11-15,-0.1443409373515785
2022-11-16,-0.014618078848828656
2022-11-17,-0.20092445313484977
2022-11-18,0.1166193981884626
2022-11-21,-0.46471887678967766
2022-11-22,-0.15254513792198734
2022-11-23,-0.06915758778752083
2022-11-24,-0.44848347904894936
2022-11-25,0.3146359562619901
2022-11-28,0.036882845947275686
2022-11-29,0.26116778578071365
2022-11-30,-0.054873437354669714
2022-12-01,-0.053202549169592404
2022-12-02,-0.21087464646956822
2022-12-05,0.0569804197940021
2022-12-06,-0.1643561803425134
2022-12-07,0.11274892990241689
2022-12-08,0.13107804108347848
2022-12-09,-0.045832644999789014
2022-12-12,0.021274302986675285
2022-12-13,-0.09284629246293381
2022-12-14,-0.09858994151082293
2022-12-15,-0.010529968605616016
2022-12-16,-0.17227531267713783
2022-12-19,0.01911427029323335
2022-12-20,0.060321217337014475
2022-12-21,-0.18117089710646359
2022-12-22,0.06993310892405827
2022-12-23,0.03493949304041564
2022-12-26,-0.022265057679360687
2022-12-27,-0.026468873146103963
2022-12-28,-0.009981295483067058
2022-12-29,-0.13705501071768023
2022-12-30,0.08978820954653209
2023-01-03,-0.12083437414717725
2023-01-04,0.1490520536300053
2023-01-05,0.04688628207874437
2023-01-06,0.07495692833556235
2023-01-09,0.1341921022521863
2023-01-10,-0.2277798955316955
2023-01-11,0.056950997811866945
2023-01-12,-0.20469396176077664
2023-01-13,0.03204038914276639
2023-01-16,-0.025610017208609982
2023-01-17,-0.04691951072837794
2023-01-18,0.011060719043857678
2023-01-19,0.1635522328678694
2023-01-20,-0.21556673404083404
2023-01-30,-0.09760313854604975
2023-01-31,-0.025666718957475857
2023-02-01,0.11839305523341682
2023-02-02,0.00945722151753657
2023-02-03,-0.10858805927803607
2023-02-06,-0.18516662957013288
2023-02-07,-0.13560431840745166
2023-02-08,0.20672998220982985
2023-02-09,-0.2882269654989576
2023-02-10,0.20992489326783173
2023-02-13,-0.09910684767237551
2023-02-14,0.05890028682346745
2023-02-15,-0.284248065888499
2023-02-16,-0.34848896380589023
2023-02-17,0.09272766263320653
2023-02-20,-0.21817557472009494
2023-02-21,-0.0704831003100226
2023-02-22,-0.06456776618487486
2023-02-23,-0.13059475418263283
2023-02-24,0.06654091871208402
2023-02-27,-0.23742992041192956
2023-02-28,0.33480061702795294
2023-03-01,-0.16480478785376906
2023-03-02,-0.2935029679844802
2023-03-03,-0.11619794016309178
2023-03-06,-0.3957204691274952
2023-03-07,0.1868029100339951
2023-03-08,-0.08044247083030108
2023-03-09,0.026045999989151705
2023-03-10,0.2010385134082954
2023-03-13,-0.12333181718857375
2023-03-14,-0.21085183752310266
2023-03-15,-0.025862408505215338
2023-03-16,0.24151515732305162
2023-03-17,0.07499959401141156
2023-03-20,-0.06719100683336651
2023-03-21,0.053188133792867895
2023-03-22,0.2824154612430765
2023-03-23,-0.03589190707422214
2023-03-24,0.09245197235830546
2023-03-27,-0.28280371381565855
2023-03-28,0.0357164230920297
2023-03-29,-0.14628003794754796
2023-03-30,0.2824649955479492
2023-03-31,0.13045372513103543
2023-04-03,0.05961669089431729
2023-04-04,0.23802258559256936
2023-04-06,-0.03201737506405458
2023-04-07,-0.30068764030240974
2023-04-10,-0.047381005423392054
2023-04-11,0.24805123222285574
2023-04-12,-0.30608871193232684
2023-04-13,-0.011655567162138494
2023-04-14,-0.24793637594533935
2023-04-17,-0.0023846414732921965
2023-04-18,-0.05021867475289344
2023-04-19,0.2937984454537266
2023-04-20,-0.3869363437568274
2023-04-21,0.003356849006925634
2023-04-24,-0.2212518799241898
2023-04-25,-0.3449192629953678
2023-04-26,-0.15834537992364367
2023-04-27,0.29832344423235324
2023-04-28,-0.3544459784188893
2023-05-04,-0.265747475261207
2023-05-05,-0.1710722670722543
2023-05-08,0.0030704672609829396
2023-05-09,-0.033394528907437326
2023-05-10,-0.18527330630404354
2023-05-11,-0.09476535147814777
2023-05-12,-0.02900770046815893
2023-05-15,-0.2654923097500172
2023-05-16,0.20927105707694152
2023-05-17,0.3697795045844037
2023-05-18,-0.13695186033004664
2023-05-19,-0.3903315971804186
2023-05-22,-0.25248421651042424
2023-05-23,0.17170456455733815
2023-05-24,0.05544557743875568
2023-05-25,0.2322690168391226
2023-05-26,0.029118424018773445
2023-05-29,0.3754931491689019
2023-05-30,0.13964034468162612
2023-05-31,0.20913370479289978
2023-06-01,-0.3022142172353798
2023-06-02,0.22107553369922242
2023-06-05,-0.06305048953496867
2023-06-06,-0.04795807232597701
2023-06-07,-0.11987351538660516
2023-06-08,0.18209819006548553
2023-06-09,-0.025090460448817575
2023-06-12,0.08603538441371605
2023-06-13,0.012095931635789916
2023-06-14,-0.19805287057950993
2023-06-15,0.19357146411795578
2023-06-16,0.27153802417601197
2023-06-19,0.0021641690159589465
2023-06-20,-0.2638690805426984
2023-06-21,-0.0845404024173921
2023-06-26,-0.10963274931363626
2023-06-27,-0.29179355362062204
2023-06-28,-0.06863219912374133
2023-06-29,0.02077330161164678
2023-06-30,-0.22985771016607845
2023-07-03,0.3002792915272652
2023-07-04,-0.3207124901225565
2023-07-05,0.13485398332020468
2023-07-06,-0.2716022974407747
2023-07-07,-0.09195066141860798
2023-07-10,-0.016012609305013883
2023-07-11,-0.35755354790648913
2023-07-12,0.21392327023343977
2023-07-13,0.05381510903988636
2023-07-14,-0.03703101981177292
2023-07-17,-0.1664392667885614
2023-07-18,-0.25831111116173494
2023-07-19,-0.39908650686368496
2023-07-20,-0.26681252512785986
2023-07-21,0.275079224390608
2023-07-24,-0.06882104519369546
2023-07-25,-0.3535500149428137
2023-07-26,-0.2269982271317715
2023-07-27,-0.1381132368638979
2023-07-28,-0.06674099217707655
2023-07-31,-0.06517986963352224
2023-08-01,0.1617081582153274
2023-08-02,0.03769209468906006
2023-08-03,-0.002938101021800066
2023-08-04,0.08628655166915175
2023-08-07,-0.1740784034400686
2023-08-08,-0.10839182931611897
2023-08-09,-0.03109025108500058
2023-08-10,-0.38809939353709
2023-08-11,0.28307513310424837
2023-08-14,-0.22023883850927964
2023-08-15,-0.11696047081236834
2023-08-16,0.11181465211139498
2023-08-17,-0.40198316748146157
2023-08-18,0.10118296318639716
2023-08-21,0.019206650080750995
2023-08-22,-0.21306790171664622
2023-08-23,-0.03349750446119447
2023-08-24,0.3513565789823728
2023-08-25,-0.4815472814475137
2023-08-28,0.256664187825121
2023-08-29,-0.08061615894483595
2023-08-30,-0.09996051310519742
2023-08-31,-0.2584806178107933
2023-09-01,-0.043604613550322295
2023-09-04,-0.25469701640329445
2023-09-05,0.017064559540976104
2023-09-06,-0.26398466221979144
2023-09-07,0.19904607798654061
2023-09-08,0.065174188948927
2023-09-11,-0.28761561166176675
2023-09-12,-0.28373871542194123
2023-09-13,-0.24811801980449444
2023-09-14,-0.08285424846026461
2023-09-15,0.039691096869033146
2023-09-18,-0.29176907944985286
2023-09-19,-0.2514725326200696
2023-09-20,0.18887880432129867
2023-09-21,0.1684023436011694
2023-09-22,-0.12077537028470968
2023-09-25,0.04849252355626805
2023-09-26,0.1476782131758989
2023-09-27,-0.043841165722471945
2023-09-28,0.14334430184189623
2023-10-09,-0.09848496142933084
2023-10-10,0.1750043123030809
2023-10-11,-0.27117526549347737
2023-10-12,-0.14777187970311054
2023-10-13,-0.06016150149734816
2023-10-16,-0.08654152065366318
2023-10-17,-0.09089606344876507
2023-10-18,0.23045817712674208
2023-10-19,-0.15932671481081906
2023-10-20,0.016386946677129047
2023-10-23,-0.0623481011284888
2023-10-24,-0.22797599641993344
2023-10-25,-0.07977638950289069
2023-10-26,0.021696503485149295
2023-10-27,0.25072590853789073
2023-10-30,-0.24218603104426145
2023-10-31,-0.09589845731412566
2023-11-01,-0.23822343474754226
2023-11-02,0.3214063875614853
2023-11-03,0.26439311845387437
2023-11-06,0.026912786583298667
2023-11-07,0.16923016577034924
2023-11-08,-0.18730068990785334
2023-11-09,0.18344134725684041
2023-11-10,-0.002974276746275461
2023-11-13,0.2593454839636437
2023-11-14,-0.1142141826490391
2023-11-15,-0.24721869404869948
2023-11-16,0.3036478513936801
2023-11-17,-0.08773852884864226
2023-11-20,-0.4207075475726467
2023-11-21,-0.3201049270583995
2023-11-22,0.24276325802572604
2023-11-23,-0.4446866098589716
2023-11-24,0.1989460036614656
2023-11-27,0.10652654790201338
2023-11-28,-0.04275212317602708
2023-11-29,-0.19596110561427796
2023-11-30,0.02513363583431708
2023-12-01,-0.26243925909315463
2023-12-04,-0.09217437942509031
2023-12-05,0.23986283238734488
2023-12-06,0.04576632373359503
2023-12-07,0.06546321800438538
2023-12-08,0.2368226887568935
2023-12-11,-0.30746839173692486
2023-12-12,0.03395093013908141
2023-12-13,-0.13445359668070567
2023-12-14,-0.09815058441057731
2023-12-15,-0.17649438951114105
2023-12-18,0.19358751609091962
2023-12-19,-0.3581692924876992
2023-12-20,0.32856142794785376
2023-12-21,-0.32064701126988715
2023-12-22,0.12028968946261359
2023-12-25,-0.23446990783999763
2023-12-26,-0.2766603369626401
2023-12-27,0.252023199365774
2023-12-28,0.17134543917607184
2023-12-29,-0.44106009211917446
2024-01-02,-0.4511033842541418
2024-01-03,-0.3660720987493523
2024-01-04,-0.3859687828221183
2024-01-05,-0.06967993538568683
2024-01-08,-0.2766280602172339
2024-01-09,-0.09158116458866428
2024-01-10,0.4574996477201186
2024-01-11,-0.4728331106900771
2024-01-12,-0.12865408002816606
2024-01-15,-0.17140092186355735
2024-01-16,-0.46465474379542315
2024-01-17,0.5422439056338875
2024-01-18,-0.17788237278296412
2024-01-19,-0.3834950190610761
2024-01-22,0.30152170219290375
2024-01-23,-0.5403852910040146
2024-01-24,-0.04283397097643291
2024-01-25,-0.4775692879316017
2024-01-26,-0.435376128534449
2024-01-29,-0.1820458396527545
2024-01-30,-0.3407570578062489
2024-01-31,0.3075200085880033
2024-02-01,-0.375210632767417
2024-02-02,-0.36887816702779136
2024-02-05,0.3806045553957163
2024-02-06,0.40171824609416396
2024-02-07,0.2900629360891422
2024-02-08,-0.07143537335204247
2024-02-19,-0.4603481032878889
2024-02-20,0.22476890012762613
2024-02-21,0.3521903205543049
2024-02-22,-0.1441748637521311
2024-02-23,0.3723809704143204
2024-02-26,0.5218370192896394
2024-02-27,-0.5057830882568517
2024-02-28,0.5211644857225841
2024-02-29,0.2597021595709172
2024-03-01,-0.06178907208475897
2024-03-04,-0.3619257401823579
2024-03-05,0.14559364039592557
2024-03-06,-0.4761364922065336
2024-03-07,0.1656915417380658
2024-03-08,0.39650021699605537
2024-03-11,0.1971568614566896
2024-03-12,-0.029079880055879675
2024-03-13,-0.1221404698519551
2024-03-14,0.18958704268934845
2024-03-15,0.20324728851679574
2024-03-18,-0.10049366778191147
2024-03-19,0.03229295214715909
2024-03-20,-0.18967356601099533
2024-03-21,0.1417124047997052
2024-03-22,-0.18405772822021824
2024-03-25,-0.19570852923425047
2024-03-26,-0.3818614538449329
2024-03-27,0.37137127680497944
2024-03-28,0.030111638083536445
2024-03-29,-0.0029851990561031577
2024-04-01,-0.220460873991623
2024-04-02,-0.23978868876597154
2024-04-03,-0.08553980442742955
2024-04-08,0.05897794330627679
2024-04-09,-0.2853738190899846
2024-04-10,0.12047592318889913
2024-04-11,-0.011811478974802466
2024-04-12,-0.2991720748807893
2024-04-15,-0.36021330341968666
2024-04-16,-0.0005828778431291067
2024-04-17,-0.116228257017788
2024-04-18,-0.4133873646167392
2024-04-19,0.1790823815509155
2024-04-22,-0.033803367213447046
2024-04-23,0.15330617111797262
2024-04-24,-7.70422263121182e-05
2024-04-25,0.4534171923280614
2024-04-26,0.15167111738863565
2024-04-29,-0.13422288843261299
2024-04-30,0.0796604334603088
2024-05-06,-0.09538121938221869
2024-05-07,-0.22214602832109503
2024-05-08,0.1309609776531568
2024-05-09,-0.2721888477651115
2024-05-10,0.014593715495581475
2024-05-13,-0.04650919381795439
2024-05-14,0.024286517699900166
2024-05-15,-0.1943954069797005
2024-05-16,-0.08189890468702662
2024-05-17,0.09643599294709834
2024-05-20,-0.18883848384627602
2024-05-21,-0.062447322341452255
2024-05-22,-0.11074664993993923
2024-05-23,-0.3517516505473296
2024-05-24,-0.06848134779581516
2024-05-27,-0.18079140815630584
2024-05-28,-0.018600620968606138
2024-05-29,-0.0015544396867749422
2024-05-30,-0.03142851875359586
2024-05-31,0.10783662113538439
2024-06-03,-0.024843413184930333
2024-06-04,0.07580456321536252
2024-06-05,-0.09991610448911088
2024-06-06,-0.32679937054176467
2024-06-07,0.2633960415509064
2024-06-11,0.2139864876813749
2024-06-12,0.09417822082408553
2024-06-13,-0.06975227542074809
2024-06-14,0.09299267784392988
2024-06-17,0.07333655066764906
2024-06-18,-0.13988008773252192
2024-06-19,-0.05100757434492977
2024-06-20,-0.026850648589051486
2024-06-21,-0.34509463025312354
2024-06-24,-0.20450451135047848
2024-06-25,-0.022283228888323223
2024-06-26,-0.295876738620531
2024-06-27,0.1705646232799584
2024-06-28,0.06296288486793168
2024-07-01,-0.3282138580193207
2024-07-02,0.026221398463620108
2024-07-03,-0.10327767640674017
2024-07-04,0.24918187640038422
2024-07-05,-0.05407609044400707
2024-07-08,0.160083175109313
2024-07-09,0.11708338005144779
2024-07-10,-0.15926644277121252
2024-07-11,-0.24394019536970674
2024-07-12,-0.19936047494791892
2024-07-15,0.23353886762758058
2024-07-16,-0.47048087172187153
2024-07-17,-0.08770863513820394
2024-07-18,0.05823884883096281
2024-07-19,0.22462040105919628
2024-07-22,-0.46254823083777724
2024-07-23,-0.44866238309994066
2024-07-24,0.03540103711890908
2024-07-25,0.30546916897788473
2024-07-26,-0.24995523219094087
2024-07-29,-0.07411661002700769
2024-07-30,0.5023907227880228
2024-07-31,-0.4334214226529713
2024-08-01,-0.3931368132860663
2024-08-02,0.04581699810058854
2024-08-05,0.004908484163113709
2024-08-06,-0.18034921466085113
2024-08-07,0.23798760242843978
2024-08-08,-0.22427802261610746
2024-08-09,0.10018381739214709
2024-08-12,0.08743946660861181
2024-08-13,-0.34575789217313996
2024-08-14,0.014219461767736722
2024-08-15,-0.05501777528339583
2024-08-16,-0.09389452709473965
2024-08-19,-0.3452911547675943
2024-08-20,0.22362351242718811
2024-08-21,-0.24746336596477242
2024-08-22,-0.009386380149751352
2024-08-23,-0.16934740900825804
2024-08-26,-0.18286202250673878
2024-08-27,-0.08077659507522131
2024-08-28,0.3769261602365627
2024-08-29,0.22023662239619174
2024-08-30,-0.30299222789206975
2024-09-02,0.056008527919638916
2024-09-03,0.16927785830757625
2024-09-04,-0.06839603317977226
2024-09-05,-0.2101747893218214
2024-09-06,0.12971798436683968
2024-09-09,0.20420940496142437
2024-09-10,0.2626844706701913
2024-09-11,-0.07816679745522559
2024-09-12,-0.1019937189692571
2024-09-13,0.07008257355086693
2024-09-18,-0.13979151058070513
2024-09-19,-0.04192973544568299
2024-09-20,0.07519201341071441
2024-09-23,0.06772143245284998
2024-09-24,-0.3058112695312185
2024-09-25,0.04588668908808958
2024-09-26,0.2374045703402791
2024-09-27,0.08884486138306501
2024-09-30,0.2812511466776008
2024-10-08,0.026120241509227177
2024-10-09,-0.4678310102787362
2024-10-10,-0.21746567238537537
2024-10-11,0.04170770901174512
2024-10-14,-0.4452024715355206
2024-10-15,-0.07604245037795147
2024-10-16,-0.09555867053713518
2024-10-17,0.6631929528967943
2024-10-18,0.18731518203366845
2024-10-21,-0.1444289070247006
2024-10-22,-0.18434232493347005
2024-10-23,0.07808913588599901
2024-10-24,0.3552064121036193
2024-10-25,0.054863665898477486
2024-10-28,-0.34886373699524814
2024-10-29,0.026355863527199444
2024-10-30,0.21603764881285217
2024-10-31,-0.4476996065725059
2024-11-01,0.4353707001805559
2024-11-04,0.6182715919042512
2024-11-05,-0.10954229360149136
2024-11-06,0.42831473535559417
2024-11-07,-0.1026115965064321
2024-11-08,0.5229038235802395
2024-11-11,-0.3819236131548409
2024-11-12,0.09400733716372442
2024-11-13,-0.5072277338117206
2024-11-14,-0.650314785661545
2024-11-15,-0.4792218033720156
2024-11-18,0.47989852931425697
2024-11-19,0.14966427361593856
2024-11-20,-0.0789973243274374
2024-11-21,-0.3402814265062255
2024-11-22,-0.13149387106651106
2024-11-25,-0.2409836550006616
2024-11-26,0.4866781871730492
2024-11-27,-0.23357538850009313
2024-11-28,0.4140597319448437
2024-11-29,0.40376746419346904
2024-12-02,-0.40940664463918236
2024-12-03,-0.38738422733476
2024-12-04,0.38325044884285214
2024-12-05,0.008626700745028096
2024-12-06,0.2786128413646102
2024-12-09,-0.5129597391856918
2024-12-10,-0.015280728824877575
2024-12-11,-0.2583740780337739
2024-12-12,-0.1183416613806725
2024-12-13,-0.33579927981114216
2024-12-16,-0.012605032013400642
2024-12-17,-0.3579189599909365
2024-12-18,0.4086976219754321
2024-12-19,0.2789187676793742
2024-12-20,-0.4116527888879995
2024-12-23,-0.11131225456061859
2024-12-24,-0.18234547583484115
2024-12-25,0.4383489326295831
2024-12-26,-0.27153479924315765
2024-12-27,-0.14989029694023556
2024-12-30,-0.39403943620289855
2024-12-31,-0.15676814424514923
2025-01-02,-0.48436320920077003
2025-01-03,-0.00896581503490379
2025-01-06,0.30085124123155726
2025-01-07,-0.025904557550071115
2025-01-08,0.2435905586520539
2025-01-09,-0.2102088364347236
2025-01-10,0.258252443297319
2025-01-13,0.43012746392389717
2025-01-14,-0.16706067742194505
2025-01-15,-0.2093303601957316
2025-01-16,0.3865895708574913
2025-01-17,0.2043092284583753
2025-01-20,0.14425983849104412
2025-01-21,0.4246488802199286
2025-01-22,-0.5246987135140189
2025-01-23,0.16136327887406324
2025-01-24,-0.37803572798866775
2025-01-27,0.11813224095289135
2025-02-05,0.4124763287557035
2025-02-06,0.17407904702153393
2025-02-07,-0.056307232252065055
2025-02-10,-0.07283790756497838
2025-02-11,0.26899568159779774
2025-02-12,-0.48778076529340436
2025-02-13,0.06607035583901948
2025-02-14,0.03190197477010911
2025-02-17,-0.2179276066982333
2025-02-18,0.36065364093823654
2025-02-19,0.11052301641811438
2025-02-20,0.3100110088401228
2025-02-21,-0.28886983426250806
2025-02-24,0.49214246097007547
2025-02-25,-0.09396871841821759
2025-02-26,-0.41819570880831614
2025-02-27,-0.28618701436243343
2025-02-28,-0.26021860283890863
2025-03-03,0.32695420031881345
2025-03-04,0.2760582413569529
2025-03-05,0.21047073871088798
2025-03-06,-0.1368745801308798
2025-03-07,-0.25938031750709484
2025-03-10,0.23888720104277109
2025-03-11,-0.2382624682698107
2025-03-12,-0.47879547375415055
2025-03-13,0.22125837781239668
2025-03-14,-0.10160470122852315
2025-03-17,0.05786390625401742
2025-03-18,-0.35745298495777306
2025-03-19,-0.3976871760929387
2025-03-20,-0.4526631653023291
2025-03-21,0.11546900186654284
2025-03-24,-0.5766403886184919
2025-03-25,-0.012638130511514153
2025-03-26,0.15891520269403353
2025-03-27,-0.17414826791816237
2025-03-28,0.18245819096507956
2025-03-31,-0.3082599963815228
2025-04-01,-0.16942942804035308
2025-04-02,-0.5062409538870964
2025-04-03,0.03312711646754268
2025-04-07,-0.632039371339428
2025-04-08,0.6663399913105357
2025-04-09,-0.2361093984228722
2025-04-10,0.4756890071393356
2025-04-11,-0.2533026856731237
2025-04-14,-0.427309935853182
2025-04-15,-0.5948562084066676
2025-04-16,0.10123771358167971
2025-04-17,0.29186347705763366
2025-04-18,0.4957533687036506
2025-04-21,0.08460707245483136
2025-04-22,0.20348371889161715
2025-04-23,-0.37267792875985767
2025-04-24,0.1624005444459732
2025-04-25,-0.2725175994411594
2025-04-28,0.13316067070133478
2025-04-29,0.43896338301464344
2025-04-30,0.42420709836672954
2025-05-06,-0.4495949648067477
2025-05-07,0.0670220701416849
2025-05-08,-0.12002111533546943
2025-05-09,0.34625299721668096
2025-05-12,-0.3910918642524308
2025-05-13,-0.1693187661035688
2025-05-14,-0.5170042580954339
2025-05-15,0.33553731192050285
2025-05-16,-0.1697410644216218
2025-05-19,0.061752895926156626
2025-05-20,-0.05388297843771514
2025-05-21,-0.11963520331526126
2025-05-22,-0.11952427693926158
2025-05-23,0.0784014582048492
2025-05-26,-0.23506493644754548
2025-05-27,-0.03992606166499963
2025-05-28,0.25712527981024513
2025-05-29,-0.23185862168723434
2025-05-30,0.08521802727919477
2025-06-03,0.27906807891850494
2025-06-04,0.23476431959658095
2025-06-05,-0.12541461404140605
2025-06-06,0.231198636826205
2025-06-09,-0.08753406990532102
2025-06-10,-0.19009980689603478
2025-06-11,0.11294385319730163
2025-06-12,-0.18028792489515857
2025-06-13,0.1714092405389785
2025-06-16,-0.34225352036110074
2025-06-17,0.18646557656405946
2025-06-18,-0.10962739810274842
2025-06-19,-0.36666517097342
2025-06-20,0.1567475223644438
2025-06-23,0.059635530903941386
2025-06-24,0.1067734693342501
2025-06-25,-0.13670824259268058
2025-06-26,0.1763581678279702
2025-06-27,0.05601323316086146
2025-06-30,-0.16603903320215144
2025-07-01,-0.25610333800635904
2025-07-02,0.1676354227557507
2025-07-03,-0.2009143068910502
2025-07-04,-0.11350328882912197
2025-07-07,0.2808803254063903
2025-07-08,-0.10833522048706934
2025-07-09,-0.07637586637420415
2025-07-10,0.03257221572610359
2025-07-11,-0.07274359809360835
2025-07-14,0.08867935877479177
2025-07-15,-0.15640958619802614
2025-07-16,0.2697382869131537
2025-07-17,-0.2299633145980087
2025-07-18,-0.21461026853961115
2025-07-21,-0.2722135883102838
2025-07-22,-0.007960987769239272
2025-07-23,0.05145377966356339
2025-07-24,0.03757246613883703
2025-07-25,0.21041912665472823
2025-07-28,0.34298448433384404
2025-07-29,-0.21412491081674564
2025-07-30,-0.12861541644290742
2025-07-31,-0.2073057986824894
2025-08-01,0.13519136579143193
2025-08-04,-0.1808849723129545
2025-08-05,0.2291186720651055
2025-08-06,-0.3231925842368943
2025-08-07,0.187511766352749
2025-08-08,0.20845723270662914
2025-08-11,-0.0719765601472325
2025-08-12,0.18326906725374303
2025-08-13,-0.3260744893435144
2025-08-14,0.3220391775671004
2025-08-15,-0.053058081377084246
2025-08-18,-0.2198350819705737
2025-08-19,0.23799504904160623
2025-08-20,-0.2588306344297633
2025-08-21,0.4122229469815985
2025-08-22,0.08029267326618426
2025-08-25,0.048838739638937805
2025-08-26,-0.09287473705151209
2025-08-27,0.4675050235376336
2025-08-28,0.2833242545169987
2025-08-29,0.1889671937566415
2025-09-01,-0.47440933712623606
2025-09-02,0.019612759410090656
2025-09-03,-0.559681241112831
2025-09-04,0.5375523569782062
2025-09-05,-0.3005995769845393
2025-09-08,-0.31500102462098606
2025-09-09,0.20011658457531561
2025-09-10,0.6180780181172377
2025-09-11,0.14372714526067992
2025-09-12,0.05863321693494115
2025-09-15,0.12388521365462493
2025-09-16,0.02936498482071196
2025-09-17,0.22466486346321363
2025-09-18,-0.10188320820269378
2025-09-19,0.39230847071786773
2025-09-22,-0.3765020312223467
2025-09-23,0.4984432707892249
2025-09-24,0.3038360256988466
2025-09-25,-0.3190036508229878
2025-09-26,0.45674026643704774
2025-09-29,0.29423888937411813
2025-09-30,-0.12068803121941171
2025-10-09,-0.6900088993337625
2025-10-10,0.6680304086062951
2025-10-13,-0.7040947496957528
2025-10-14,0.14476828845087436
2025-10-15,-0.16946498727211015
2025-10-16,-0.42183070804520156
2025-10-17,0.01618741727943145
2025-10-20,0.10997463837130932
2025-10-21,-0.12195333801935833
2025-10-22,0.22828578775531527
2025-10-23,0.5921954869603735
2025-10-24,-0.1375018784929312
2025-10-27,0.059285157976487604
2025-10-28,0.3874210051639719
2025-10-29,-0.2718784341099204
2025-10-30,-0.306973755282349
2025-10-31,-0.1972249152540076
2025-11-03,-0.6842946104908728
2025-11-04,0.593835566030111
2025-11-05,0.16131504418405856
2025-11-06,-0.0739577815483487
2025-11-07,-0.3013394685602326
2025-11-10,-0.6546484315624254
2025-11-11,-0.07893411314182666
2025-11-12,0.09562379903135514
2025-11-13,-0.2989701673533647
2025-11-14,-0.014003780767185153
2025-11-17,-0.08411981655848917
2025-11-18,0.22960374008109521
2025-11-19,-0.6515455993169098
2025-11-20,-0.09848814161658151
2025-11-21,0.1560767955215022
2025-11-24,0.09789033469196312
2025-11-25,0.24396748823577555
2025-11-26,-0.18601024419042086
2025-11-27,0.4052239334580251
2025-11-28,-0.05120217460336498
2025-12-01,-0.24480035244572657
2025-12-02,-0.21353999568255064
2025-12-03,0.0905559091479998
2025-12-04,0.12077148686045133
2025-12-05,0.2113647813482955
2025-12-08,0.06255513602317005
2025-12-09,0.13216622121932853
2025-12-10,-0.3384112840383721
2025-12-11,-0.1724476650739576
2025-12-12,-0.14078770485536873
2025-12-15,-0.2843965245113714
2025-12-16,0.46396040489185514
2025-12-17,-0.25468888242222465
2025-12-18,0.2256143642424315
2025-12-19,0.42279113048974354
2025-12-22,0.09800929832278829
2025-12-23,0.16591787024993943
2025-12-24,-0.01526922003989956
2025-12-25,0.06335404866297209
2025-12-26,-0.1307152813648323
2025-12-29,0.33621128545269874
2025-12-30,
2025-12-31,
